USE TheLostSentinel;
-- assuming there are three runs of the game 
INSERT INTO Mapa (nombre, descripcion, tamano_x, tamano_y) VALUES
('Mazmorras Oscuras', 'Un laberinto subterráneo lleno de criaturas siniestras.', 50, 50),
('Tienda del Viajero', 'Una pequeña tienda donde se venden pociones y armas.', 20, 20),
('Reino de las Hadas', 'Un hermoso reino lleno de criaturas mágicas y flores brillantes.', 100, 100),
('Mazmorras del Caos', 'Un mapa lleno de trampas y monstruos, solo para los más valientes.', 60, 60),
('Tienda Mágica', 'Venta de artefactos mágicos y objetos raros.', 15, 15),
('Bosque Encantado', 'Un bosque misterioso lleno de criaturas fantásticas y secretos ocultos.', 80, 80),
('Caverna del Dragón', 'Un lugar oscuro donde los dragones acechan entre las sombras.', 70, 70),
('Reino Cristalino', 'Un reino de hadas donde todo brilla con el resplandor de cristales.', 120, 120),
('Mazmorras Heladas', 'Mazmorras congeladas donde los enemigos son tan fríos como el hielo.', 40, 40),
('Tienda de Pociones', 'Vende pociones que otorgan poderes especiales a los aventureros.', 10, 10),
('Templo del Olvido', 'Un templo antiguo lleno de trampas y misterios sin resolver.', 60, 50),
('Bosque de las Sombras', 'Un lugar oscuro y espeso, hogar de criaturas oscuras.', 100, 100),
('Ciudad de las Hadas', 'Una ciudad encantada con estructuras de cristal y luces mágicas.', 150, 150),
('Mazmorras del Abismo', 'El lugar más profundo donde residen criaturas de pesadilla.', 80, 80),
('Tienda de Armas', 'Vende espadas, escudos y otras herramientas para los aventureros.', 30, 30),
('Ruinas del Antiguo Reino', 'Restos de un reino olvidado, lleno de peligros y tesoros escondidos.', 70, 60),
('Bosque Místico', 'Un bosque lleno de magia antigua y criaturas místicas.', 90, 90),
('Fortaleza del Lobo', 'Un castillo en ruinas, hogar de una tribu de lobos gigantes.', 50, 60),
('Tienda de Hechizos', 'Venta de poderosos hechizos para los magos y hechiceros.', 20, 20),
('Mines del Lamento', 'Una mina subterránea llena de riquezas, pero también de peligros.', 50, 50),
('Jardín Encantado', 'Un jardín con flores que cantan y criaturas misteriosas.', 80, 80),
('Laberinto del Juicio', 'Un laberinto peligroso lleno de acertijos y trampas mortales.', 60, 60),
('Reino Subterráneo', 'Un reino subterráneo oscuro y lleno de secretos.', 100, 100),
('Tienda del Sabio', 'Tienda donde se venden libros y pergaminos de sabiduría arcana.', 15, 15),
('Cueva del Coloso', 'Un refugio peligroso donde vive un monstruo gigante.', 70, 70),
('Colina de las Hadas', 'Un lugar lleno de energía mágica donde las hadas juegan.', 40, 40),
('La Guarida del Ladrón', 'Un escondite secreto donde los ladrones almacenan sus botines.', 30, 30),
('Pueblo en Ruinas', 'Ruinas de un pueblo destruido por un desastre hace muchos años.', 60, 50),
('Mundo de Cristal', 'Un mundo lleno de estructuras de cristal flotante y criaturas brillantes.', 110, 110),
('Castillo de Hielo', 'Un castillo gigante hecho completamente de hielo, en un clima extremadamente frío.', 80, 90),
('Reino del Sol', 'Un reino cálido lleno de seres de fuego y criaturas solares.', 100, 100),
('Mazmorras Abandonadas', 'Mazmorras olvidadas donde los ecos del pasado resuenan con fuerza.', 50, 50),
('La Tienda del Forjador', 'Un lugar donde los herreros forjan armas épicas para los héroes.', 20, 20);

SELECT * FROM Mapa;
INSERT INTO Cuarto (id_mapa, descripcion, tipo, acceso_bloqueado) VALUES
(1, 'Un cuarto oscuro y lleno de telarañas, con puertas cerradas por todos lados.', 'normal', FALSE),
(1, 'Un cuarto con un NPC que te ofrece pistas sobre cómo escapar de las mazmorras.', 'con_npc', FALSE),
(1, 'Un cuarto lleno de monstruos que esperan tu llegada para atacarte.', 'con_enemigo', FALSE),
(1, 'Una tienda donde puedes comprar pociones para tu aventura.', 'tienda', FALSE),
(1, 'Un cuarto con un pequeño tesoro escondido detrás de una pared secreta.', 'tesoro', FALSE),
(1, 'Un cuarto de batalla, donde debes enfrentar a un jefe monstruoso.', 'con_jefe', FALSE),
(2, 'Un cuarto con una tienda donde puedes comprar y vender objetos raros.', 'tienda', FALSE),
(2, 'Un cuarto tranquilo con un NPC que te da misiones importantes.', 'con_npc', FALSE),
(2, 'Un cuarto que conecta con otras áreas del mapa, pero está lleno de trampas.', 'normal', FALSE),
(2, 'Un cuarto decorado con flores y luces, donde las hadas descansan y juegan.', 'reino_hada', FALSE),
(3, 'Un cuarto lleno de enemigos hostiles que acechan desde las sombras.', 'con_enemigo', FALSE),
(3, 'Una sala tranquila donde puedes descansar, curar tus heridas y preparar tus hechizos.', 'normal', FALSE),
(3, 'Un cuarto misterioso donde guardas un artefacto que te otorga poderes especiales.', 'tesoro', FALSE),
(3, 'Un cuarto donde un poderoso jefe te desafía a una batalla épica.', 'con_jefe', FALSE),
(4, 'Un cuarto oscuro con un enigma que debes resolver para avanzar.', 'normal', FALSE),
(4, 'Un cuarto lleno de monstruos que te atacan en cuanto entras.', 'con_enemigo', FALSE),
(4, 'Un cuarto pequeño y acogedor con un NPC que vende pociones raras.', 'tienda', FALSE),
(4, 'Un cuarto lleno de cristales que brillan con la luz del sol, rodeado de hadas.', 'reino_hada', FALSE),
(5, 'Un cuarto con muchas trampas y enemigos, pero hay un valioso tesoro al final.', 'tesoro', FALSE),
(5, 'Un cuarto donde las criaturas mágicas y las hadas conviven pacíficamente.', 'reino_hada', FALSE),
(6, 'Un cuarto secreto que solo puedes acceder al resolver un acertijo.', 'normal', FALSE),
(6, 'Un cuarto con un NPC que te da información crucial para vencer a un jefe cercano.', 'con_npc', FALSE),
(6, 'Un cuarto lleno de enemigos que te esperan para la batalla.', 'con_enemigo', FALSE),
(7, 'Un cuarto decorado con paredes de hielo, donde el frío te congela lentamente.', 'normal', FALSE),
(7, 'Una sala llena de trampas y enemigos, pero al final encuentras un cofre con un tesoro.', 'tesoro', FALSE),
(8, 'Un cuarto de batalla donde debes derrotar a un jefe temible.', 'con_jefe', FALSE),
(8, 'Un cuarto con un NPC que te ofrece una misión secundaria para ganar recompensas.', 'con_npc', FALSE),
(9, 'Un cuarto lleno de enemigos con un jefe esperando al final para enfrentar al aventurero.', 'con_enemigo', FALSE),
(10, 'Un cuarto con una tienda de magia, donde puedes comprar hechizos poderosos.', 'tienda', FALSE),
(10, 'Un cuarto encantado donde las hadas viven y te ofrecen su ayuda.', 'reino_hada', FALSE),
(11, 'Un cuarto donde hay un pequeño tesoro detrás de una puerta secreta.', 'tesoro', FALSE),
(11, 'Un cuarto tranquilo con un NPC sabio que te da consejos sobre la siguiente misión.', 'con_npc', FALSE),
(12, 'Un cuarto con trampas letales y un enemigo con poderosas habilidades.', 'con_enemigo', FALSE),
(12, 'Un cuarto normal sin enemigos ni NPC, solo un lugar vacío con un par de cofres.', 'normal', FALSE);
SELECT * FROM Cuarto;

INSERT INTO Jugador (id_cuarto, usuario, contrasena, hp_actual, hp_max, mp_actual, mp_max, monedas, pociones, bombas, flechas) VALUES
(1, 'player1', 'contrasena1', 80, 100, 50, 100, 15, 3, 2, 10),
(2, 'player2', 'contrasena2', 90, 100, 60, 100, 10, 2, 1, 15),
(3, 'player3', 'contrasena3', 70, 100, 40, 100, 18, 5, 3, 12),
(4, 'player4', 'contrasena4', 100, 100, 50, 100, 12, 4, 1, 8),
(5, 'player5', 'contrasena5', 60, 100, 30, 100, 9, 6, 2, 10),
(6, 'player6', 'contrasena6', 85, 100, 70, 100, 11, 3, 4, 14),
(7, 'player7', 'contrasena7', 50, 100, 20, 100, 16, 2, 5, 11),
(8, 'player8', 'contrasena8', 90, 100, 80, 100, 13, 4, 3, 7),
(9, 'player9', 'contrasena9', 60, 100, 50, 100, 5, 3, 2, 13),
(10, 'player10', 'contrasena10', 70, 100, 60, 100, 14, 4, 1, 9),
(11, 'player11', 'contrasena11', 80, 100, 30, 100, 19, 5, 0, 6),
(12, 'player12', 'contrasena12', 50, 100, 10, 100, 8, 7, 2, 12),
(13, 'player13', 'contrasena13', 75, 100, 65, 100, 17, 6, 3, 8),
(14, 'player14', 'contrasena14', 90, 100, 90, 100, 7, 4, 4, 14),
(15, 'player15', 'contrasena15', 60, 100, 50, 100, 10, 3, 3, 11),
(16, 'player16', 'contrasena16', 100, 100, 20, 100, 5, 6, 1, 13),
(17, 'player17', 'contrasena17', 85, 100, 40, 100, 12, 2, 2, 10),
(18, 'player18', 'contrasena18', 65, 100, 80, 100, 14, 4, 1, 7),
(19, 'player19', 'contrasena19', 55, 100, 60, 100, 9, 5, 2, 12),
(20, 'player20', 'contrasena20', 90, 100, 50, 100, 18, 6, 3, 9),
(21, 'player21', 'contrasena21', 80, 100, 30, 100, 10, 4, 4, 10),
(22, 'player22', 'contrasena22', 100, 100, 70, 100, 13, 5, 2, 8),
(23, 'player23', 'contrasena23', 90, 100, 50, 100, 15, 3, 2, 14),
(24, 'player24', 'contrasena24', 70, 100, 40, 100, 7, 6, 3, 11),
(25, 'player25', 'contrasena25', 60, 100, 20, 100, 16, 4, 5, 13),
(26, 'player26', 'contrasena26', 75, 100, 60, 100, 11, 2, 3, 9),
(27, 'player27', 'contrasena27', 80, 100, 50, 100, 13, 3, 2, 15),
(28, 'player28', 'contrasena28', 95, 100, 70, 100, 14, 6, 1, 10),
(29, 'player29', 'contrasena29', 60, 100, 30, 100, 19, 5, 0, 8),
(30, 'player30', 'contrasena30', 70, 100, 40, 100, 9, 4, 3, 12);
SELECT * FROM Jugador;

INSERT INTO Objeto (nombre, tipo, efecto, stackable, precio) VALUES
('Pocion', 'pocion', 'Recupera 20 puntos de vida.', TRUE, 10),
('Pocion de Maná', 'pocion', 'Recupera 20 puntos de maná.', TRUE, 15),
('Bomba Explosiva', 'bomba', 'Causa daño en área de 50 puntos a todos los enemigos cercanos.', TRUE, 30),
('Flecha de Hierro', 'tech', 'Flecha básica para disparar con arco.', TRUE, 5),
('Flecha Mágica', 'tech', 'Flecha que inflige daño mágico adicional al objetivo.', TRUE, 8),
('Rupee Verde', 'moneda', 'Moneda recolectable que otorga 1 punto de moneda.', TRUE, 2),
('Rupee Azul', 'moneda', 'Moneda recolectable que otorga 5 puntos de moneda.', TRUE, 5),
('Rupee Roja', 'moneda', 'Moneda recolectable que otorga 20 puntos de moneda.', TRUE, 10),
('Pocion de Curación', 'pocion', 'Recupera 20 puntos de vida.', TRUE, 10),
('Pocion de Maná', 'pocion', 'Recupera 20 puntos de maná.', TRUE, 15),
('Bomba de Fuego', 'bomba', 'Causa daño en área de 60 puntos a enemigos cercanos y los quema.', TRUE, 35),
('Flecha de Fuego', 'tech', 'Flecha que inflige daño de fuego a su objetivo.', TRUE, 10),
('Flecha Congelante', 'tech', 'Flecha que congela temporalmente al enemigo.', TRUE, 12),
('Rupee Verde', 'moneda', 'Moneda recolectable que otorga 1 punto de moneda.', TRUE, 2),
('Rupee Azul', 'moneda', 'Moneda recolectable que otorga 5 puntos de moneda.', TRUE, 5),
('Rupee Roja', 'moneda', 'Moneda recolectable que otorga 20 puntos de moneda.', TRUE, 10),
('Pocion de Curación', 'pocion', 'Recupera 20 puntos de vida.', TRUE, 10),
('Pocion de Maná', 'pocion', 'Recupera 20 puntos de maná.', TRUE, 15),
('Bomba de Hielo', 'bomba', 'Causa daño en área de 50 puntos a enemigos cercanos y los congela.', TRUE, 32),
('Flecha de Viento', 'tech', 'Flecha que empuja al enemigo hacia atrás con fuerza del viento.', TRUE, 9),
('Flecha Eléctrica', 'tech', 'Flecha que daña al enemigo con electricidad y puede aturdirlo.', TRUE, 14),
('Rupee Verde', 'moneda', 'Moneda recolectable que otorga 1 punto de moneda.', TRUE, 2),
('Rupee Azul', 'moneda', 'Moneda recolectable que otorga 5 puntos de moneda.', TRUE, 5),
('Rupee Roja', 'moneda', 'Moneda recolectable que otorga 20 puntos de moneda.', TRUE, 10),
('Pocion de Curación', 'pocion', 'Recupera 20 puntos de vida.', TRUE, 10),
('Pocion de Maná', 'pocion', 'Recupera 20 puntos de maná.', TRUE, 15),
('Bomba de Luz', 'bomba', 'Causa daño en área de 45 puntos a enemigos cercanos y ciega temporalmente.', TRUE, 28),
('Flecha Sónica', 'tech', 'Flecha que emite un fuerte sonido que aturde al enemigo.', TRUE, 11),
('Flecha de Acero', 'tech', 'Flecha de alta velocidad que perfora armaduras.', TRUE, 13),
('Rupee Verde', 'moneda', 'Moneda recolectable que otorga 1 punto de moneda.', TRUE, 2),
('Rupee Azul', 'moneda', 'Moneda recolectable que otorga 5 puntos de moneda.', TRUE, 5),
('Rupee Roja', 'moneda', 'Moneda recolectable que otorga 20 puntos de moneda.', TRUE, 10);
SELECT * FROM Objeto;

INSERT INTO Arma (id_arma, tipo, daño, radio_explosion, alcance, consumo_mp) VALUES
(1, 'espada', 10, NULL, 1, NULL),
(2, 'espada', 15, NULL, 1, NULL),
(3, 'arco', 5, NULL, 5, NULL),
(4, 'barrita_magica', 15, NULL, 1, 5),
(5, 'bomba', 5, 2, 1, NULL),
(6, 'espada', 10, NULL, 1, NULL),
(7, 'espada', 15, NULL, 1, NULL),
(8, 'arco', 5, NULL, 5, NULL),
(9, 'barrita_magica', 15, NULL, 1, 5),
(10, 'bomba', 5, 2, 1, NULL),
(11, 'espada', 10, NULL, 1, NULL),
(12, 'espada', 15, NULL, 1, NULL),
(13, 'arco', 5, NULL, 5, NULL),
(14, 'barrita_magica', 15, NULL, 1, 5),
(15, 'bomba', 5, 2, 1, NULL),
(16, 'espada', 10, NULL, 1, NULL),
(17, 'espada', 15, NULL, 1, NULL),
(18, 'arco', 5, NULL, 5, NULL),
(19, 'barrita_magica', 15, NULL, 1, 5),
(20, 'bomba', 5, 2, 1, NULL),
(21, 'espada', 10, NULL, 1, NULL),
(22, 'espada', 15, NULL, 1, NULL),
(23, 'arco', 5, NULL, 5, NULL),
(24, 'barrita_magica', 15, NULL, 1, 5),
(25, 'bomba', 5, 2, 1, NULL),
(26, 'espada', 10, NULL, 1, NULL),
(27, 'espada', 15, NULL, 1, NULL),
(28, 'arco', 5, NULL, 5, NULL),
(29, 'barrita_magica', 15, NULL, 1, 5),
(30, 'bomba', 5, 2, 1, NULL);
SELECT * FROM Arma;

INSERT INTO Inventario (id_jugador, id_objeto, cantidad) VALUES
(1, 5, 10),
(1, 6, 20),
(2, 5, 15),
(2, 6, 5),
(3, 5, 25),
(3, 6, 30),
(4, 5, 8),
(4, 6, 12),
(5, 5, 30),
(5, 6, 40),
(6, 5, 10),
(6, 6, 25),
(7, 5, 18),
(7, 6, 10),
(8, 5, 7),
(8, 6, 14),
(9, 5, 9),
(9, 6, 18),
(10, 5, 12),
(10, 6, 20),
(11, 5, 5),
(11, 6, 8),
(12, 5, 6),
(12, 6, 10),
(13, 5, 16),
(13, 6, 15),
(14, 5, 14),
(14, 6, 30),
(15, 5, 20),
(15, 6, 22);
SELECT * FROM Inventario;

INSERT INTO Cofre (id_cuarto, id_objeto, requiere_llave, abierto) VALUES
(1, 5, TRUE, FALSE),
(1, 6, TRUE, FALSE),
(2, 5, TRUE, FALSE),
(2, 7, TRUE, FALSE),
(3, 5, TRUE, FALSE),
(3, 6, TRUE, FALSE),
(4, 5, TRUE, FALSE),
(4, 8, TRUE, FALSE),
(5, 5, TRUE, FALSE),
(5, 6, TRUE, FALSE),
(6, 5, TRUE, FALSE),
(6, 7, TRUE, FALSE),
(7, 5, TRUE, FALSE),
(7, 6, TRUE, FALSE),
(8, 5, TRUE, FALSE),
(8, 7, TRUE, FALSE),
(9, 5, TRUE, FALSE),
(9, 6, TRUE, FALSE),
(10, 5, TRUE, FALSE),
(10, 8, TRUE, FALSE),
(11, 5, TRUE, FALSE),
(11, 7, TRUE, FALSE),
(12, 5, TRUE, FALSE),
(12, 6, TRUE, FALSE),
(13, 5, TRUE, FALSE),
(13, 8, TRUE, FALSE),
(14, 5, TRUE, FALSE),
(14, 7, TRUE, FALSE),
(15, 5, TRUE, FALSE),
(15, 6, TRUE, FALSE);
SELECT * FROM Cofre;

INSERT INTO Contenido_Cofre (id_cofre, id_objeto, cantidad) VALUES
(1, 5, 1),
(2, 6, 1),
(3, 5, 1),
(4, 7, 1),
(5, 5, 1),
(6, 6, 1),
(7, 5, 1),
(8, 7, 1),
(9, 5, 1),
(10, 6, 1),
(11, 5, 1),
(12, 7, 1),
(13, 5, 1),
(14, 6, 1),
(15, 5, 1),
(16, 7, 1),
(17, 5, 1),
(18, 6, 1),
(19, 5, 1),
(20, 7, 1),
(21, 5, 1),
(22, 6, 1),
(23, 5, 1),
(24, 7, 1),
(25, 5, 1),
(26, 6, 1),
(27, 5, 1),
(28, 7, 1),
(29, 5, 1),
(30, 6, 1);
SELECT * FROM Contenido_Cofre;

INSERT INTO NPC (id_cuarto, nombre, role, dialogo, activo, intercambiable) VALUES
(1, 'Viejo Sabio', 'viejo', '¿Qué deseas, joven aventurero?', TRUE, FALSE),
(2, 'Hada del Bosque', 'hada', 'Bienvenido a mi reino, viajero.', TRUE, TRUE),
(3, 'Mercader Viajero', 'mercantil', 'Tengo muchos objetos interesantes para ti.', TRUE, TRUE),
(4, 'Viejo Sabio', 'viejo', '¿Qué deseas, joven aventurero?', TRUE, FALSE),
(5, 'Hada del Bosque', 'hada', 'Bienvenido a mi reino, viajero.', TRUE, TRUE),
(6, 'Mercader Viajero', 'mercantil', 'Tengo muchos objetos interesantes para ti.', TRUE, TRUE),
(7, 'Viejo Sabio', 'viejo', '¿Qué deseas, joven aventurero?', TRUE, FALSE),
(8, 'Hada del Bosque', 'hada', 'Bienvenido a mi reino, viajero.', TRUE, TRUE),
(9, 'Mercader Viajero', 'mercantil', 'Tengo muchos objetos interesantes para ti.', TRUE, TRUE),
(10, 'Viejo Sabio', 'viejo', '¿Qué deseas, joven aventurero?', TRUE, FALSE),
(11, 'Hada del Bosque', 'hada', 'Bienvenido a mi reino, viajero.', TRUE, TRUE),
(12, 'Mercader Viajero', 'mercantil', 'Tengo muchos objetos interesantes para ti.', TRUE, TRUE),
(13, 'Viejo Sabio', 'viejo', '¿Qué deseas, joven aventurero?', TRUE, FALSE),
(14, 'Hada del Bosque', 'hada', 'Bienvenido a mi reino, viajero.', TRUE, TRUE),
(15, 'Mercader Viajero', 'mercantil', 'Tengo muchos objetos interesantes para ti.', TRUE, TRUE),
(16, 'Viejo Sabio', 'viejo', '¿Qué deseas, joven aventurero?', TRUE, FALSE),
(17, 'Hada del Bosque', 'hada', 'Bienvenido a mi reino, viajero.', TRUE, TRUE),
(18, 'Mercader Viajero', 'mercantil', 'Tengo muchos objetos interesantes para ti.', TRUE, TRUE),
(19, 'Viejo Sabio', 'viejo', '¿Qué deseas, joven aventurero?', TRUE, FALSE),
(20, 'Hada del Bosque', 'hada', 'Bienvenido a mi reino, viajero.', TRUE, TRUE),
(21, 'Mercader Viajero', 'mercantil', 'Tengo muchos objetos interesantes para ti.', TRUE, TRUE),
(22, 'Viejo Sabio', 'viejo', '¿Qué deseas, joven aventurero?', TRUE, FALSE),
(23, 'Hada del Bosque', 'hada', 'Bienvenido a mi reino, viajero.', TRUE, TRUE),
(24, 'Mercader Viajero', 'mercantil', 'Tengo muchos objetos interesantes para ti.', TRUE, TRUE),
(25, 'Viejo Sabio', 'viejo', '¿Qué deseas, joven aventurero?', TRUE, FALSE),
(26, 'Hada del Bosque', 'hada', 'Bienvenido a mi reino, viajero.', TRUE, TRUE),
(27, 'Mercader Viajero', 'mercantil', 'Tengo muchos objetos interesantes para ti.', TRUE, TRUE),
(28, 'Viejo Sabio', 'viejo', '¿Qué deseas, joven aventurero?', TRUE, FALSE),
(29, 'Hada del Bosque', 'hada', 'Bienvenido a mi reino, viajero.', TRUE, TRUE),
(30, 'Mercader Viajero', 'mercantil', 'Tengo muchos objetos interesantes para ti.', TRUE, TRUE);
SELECT * FROM NPC;


SELECT * FROM Tienda;



INSERT INTO Producto_Tienda (precio, cantidad, stock_infinito) 
VALUES 
(5, 100, TRUE),
(7, 100, TRUE),
(20, 100, TRUE),
(5, 100, TRUE),
(7, 100, TRUE);

SELECT * FROM Producto_Tienda;

INSERT INTO Elemento_Cuarto (id_cuarto, tipo) VALUES
(1, 'npc'),
(2, 'enemigo'),
(3, 'tesoro'),
(4, 'jefe'),
(5, 'npc'),
(6, 'enemigo'),
(7, 'tesoro'),
(8, 'jefe'),
(9, 'npc'),
(10, 'enemigo'),
(11, 'tesoro'),
(12, 'jefe'),
(13, 'npc'),
(14, 'enemigo'),
(15, 'tesoro'),
(16, 'jefe'),
(17, 'npc'),
(18, 'enemigo'),
(19, 'tesoro'),
(20, 'jefe'),
(21, 'npc'),
(22, 'enemigo'),
(23, 'tesoro'),
(24, 'jefe'),
(25, 'npc'),
(26, 'enemigo'),
(27, 'tesoro'),
(28, 'jefe'),
(29, 'npc'),
(30, 'enemigo');
SELECT * FROM Elemento_Cuarto;

INSERT INTO Enemigo (id_cuarto, nombre, vida_max, vida_actual, velocidad, daño, drop_monedas) VALUES
(2, 'Bat', 100, 100, 5, FLOOR(RAND() * 11), FLOOR(RAND() * 4)), 
(6, 'Slime', 100, 100, 3, FLOOR(RAND() * 11), FLOOR(RAND() * 4)),
(10, 'Knight', 100, 100, 4, FLOOR(RAND() * 11), FLOOR(RAND() * 4)),
(14, 'Skull', 100, 100, 2, FLOOR(RAND() * 11), FLOOR(RAND() * 4)),
(18, 'Mage', 100, 100, 6, FLOOR(RAND() * 11), FLOOR(RAND() * 4)),
(22, 'Bat', 100, 100, 5, FLOOR(RAND() * 11), FLOOR(RAND() * 4)),
(26, 'Slime', 100, 100, 3, FLOOR(RAND() * 11), FLOOR(RAND() * 4)),
(30, 'Knight', 100, 100, 4, FLOOR(RAND() * 11), FLOOR(RAND() * 4));

SELECT * FROM Enemigo;

INSERT INTO Jefe (id_enemigo, id_cuarto, nombre, vida, daño, velocidad) 
VALUES
(2, 1, 'Dragón de Fuego', 350, 50, 10),
(2, 2, 'Dragón de Fuego', 350, 50, 10),
(2, 3, 'Dragón de Fuego', 350, 50, 10),
(2, 4, 'Dragón de Fuego', 350, 50, 10),
(2, 5, 'Dragón de Fuego', 350, 50, 10),
(2, 6, 'Dragón de Fuego', 350, 50, 10),
(2, 7, 'Dragón de Fuego', 350, 50, 10),
(2, 8, 'Dragón de Fuego', 350, 50, 10),
(2, 9, 'Dragón de Fuego', 350, 50, 10),
(2, 10, 'Dragón de Fuego', 350, 50, 10),
(2, 11, 'Dragón de Fuego', 350, 50, 10),
(2, 12, 'Dragón de Fuego', 350, 50, 10),
(2, 13, 'Dragón de Fuego', 350, 50, 10),
(2, 14, 'Dragón de Fuego', 350, 50, 10),
(2, 15, 'Dragón de Fuego', 350, 50, 10),
(2, 16, 'Dragón de Fuego', 350, 50, 10),
(2, 17, 'Dragón de Fuego', 350, 50, 10),
(2, 18, 'Dragón de Fuego', 350, 50, 10),
(2, 19, 'Dragón de Fuego', 350, 50, 10),
(2, 20, 'Dragón de Fuego', 350, 50, 10),
(2, 21, 'Dragón de Fuego', 350, 50, 10),
(2, 22, 'Dragón de Fuego', 350, 50, 10),
(2, 23, 'Dragón de Fuego', 350, 50, 10),
(2, 24, 'Dragón de Fuego', 350, 50, 10),
(2, 25, 'Dragón de Fuego', 350, 50, 10),
(2, 26, 'Dragón de Fuego', 350, 50, 10),
(2, 27, 'Dragón de Fuego', 350, 50, 10),
(2, 28, 'Dragón de Fuego', 350, 50, 10),
(2, 29, 'Dragón de Fuego', 350, 50, 10),
(2, 30, 'Dragón de Fuego', 350, 50, 10);
SELECT * FROM Jefe;

INSERT INTO Accion (nombre, descripcion) 
VALUES
('atacar_espada', 'El jugador ataca con una espada causando daño físico.'),
('disparar_flecha', 'El jugador dispara una flecha causando daño a distancia.'),
('dejar_bomba', 'El jugador lanza una bomba que causa daño en área a los enemigos cercanos.');
SELECT * FROM Accion;

INSERT INTO Jugador_Accion (id_jugador, id_accion, id_objeto, id_enemigo, id_npc) 
VALUES
(1, 1, 5, 2, 6),
(2, 2, 6, 4, 7),
(3, 3, 7, 5, 8),
(4, 1, 8, 3, 9),
(5, 2, 9, 6, 10),
(6, 3, 10, 7, 11),
(7, 1, 11, 8, 12),
(8, 2, 12, 9, 13),
(9, 3, 13, 10, 14),
(10, 1, 14, 11, 15),
(11, 2, 15, 12, 16),
(12, 3, 16, 13, 17),
(13, 1, 17, 14, 18),
(14, 2, 18, 15, 19),
(15, 3, 19, 16, 20),
(16, 1, 20, 17, 21),
(17, 2, 21, 18, 22),
(18, 3, 22, 19, 23),
(19, 1, 23, 20, 24),
(20, 2, 24, 21, 25),
(21, 3, 25, 22, 26),
(22, 1, 26, 23, 27),
(23, 2, 27, 24, 28),
(24, 3, 28, 25, 29),
(25, 1, 29, 26, 30),
(26, 2, 30, 27, 1),
(27, 3, 5, 28, 2),
(28, 1, 6, 29, 3),
(29, 2, 7, 30, 4),
(30, 3, 8, 1, 5);
SELECT * FROM Jugador_Accion;

